{
  "version": 2,
  "builds": [
    {
      "src": "server/index.ts",
      "use": "@vercel/node"
    },
    {
      "src": "client/**/*",
      "use": "@vercel/static-build",
      "config": {
        "buildCommand": "npm run build:client",
        "outputDirectory": "dist"
      }
    }
  ],
  "routes": [
    {
      "src": "/api/(.*)",
      "dest": "/server/index.ts"
    },
    {
      "src": "/(.*)",
      "dest": "/dist/$1"
    }
  ],
  "env": {
    "DATABASE_URL": "@database_url",
    "NODE_ENV": "production"
  },
  "functions": {
    "server/index.ts": {
      "maxDuration": 30
    }
  }
}